features,score,elbow
"['instrumentalness', 'liveness', 'nltk']",0.7124303082059802,2
"['Surprise', 'instrumentalness', 'nltk']",0.692822791276656,2
"['acousticness', 'instrumentalness', 'nltk']",0.6312963342955906,2
"['Happy', 'Sad', 'nltk']",0.6322507609843953,2
"['nltk', 'tempo', 'valence']",0.5451755010117019,2
"['Angry', 'acousticness', 'nltk']",0.6209787562392345,2
"['Happy', 'nltk', 'tempo']",0.625583997574814,2
"['instrumentalness', 'nltk', 'tempo']",0.6755228954692608,2
"['Fear', 'danceability', 'nltk']",0.611873655230098,2
"['acousticness', 'instrumentalness', 'loudness']",0.549558078624604,3
"['Happy', 'liveness', 'nltk']",0.6535182546951227,2
"['Angry', 'instrumentalness', 'speechiness']",0.74882852694362,2
"['Fear', 'nltk', 'valence']",0.550691755224687,2
"['Angry', 'acousticness', 'loudness']",0.5092786553975226,2
"['Surprise', 'nltk', 'tempo']",0.6223157554464619,2
"['acousticness', 'nltk', 'tempo']",0.5738311246249882,2
"['Angry', 'Happy', 'nltk']",0.6825515603527909,2
"['Surprise', 'liveness', 'nltk']",0.6499152774884137,2
"['acousticness', 'liveness', 'nltk']",0.5942293582888415,2
"['danceability', 'energy', 'nltk']",0.5849163794546809,2
"['instrumentalness', 'speechiness', 'valence']",0.5151345339783475,2
"['Angry', 'Surprise', 'nltk']",0.6787711609704913,2
"['Sad', 'energy', 'nltk']",0.5942855633161422,2
"['Happy', 'energy', 'nltk']",0.6026149468080696,2
"['energy', 'nltk', 'valence']",0.5312148661148189,2
"['Angry', 'nltk', 'valence']",0.5870399331831757,2
"['Fear', 'instrumentalness', 'nltk']",0.6864005080244193,2
"['Fear', 'loudness', 'nltk']",0.6391890075580221,2
"['Surprise', 'energy', 'nltk']",0.5994517512253531,2
"['acousticness', 'energy', 'nltk']",0.5630798962704648,2
"['Happy', 'acousticness', 'nltk']",0.5864694190031374,2
"['liveness', 'nltk', 'speechiness']",0.7120272445994192,2
"['loudness', 'nltk', 'tempo']",0.6314562106720282,2
"['Surprise', 'nltk', 'speechiness']",0.6911002018784833,2
"['Angry', 'danceability', 'nltk']",0.6569626167542845,2
"['Fear', 'liveness', 'nltk']",0.6452547006071849,2
"['energy', 'loudness', 'nltk']",0.6161498828580056,2
"['liveness', 'loudness', 'nltk']",0.6589750344388585,2
"['Happy', 'instrumentalness', 'speechiness']",0.5011845699920037,3
"['Sad', 'Surprise', 'nltk']",0.6301270078464353,2
"['Sad', 'nltk', 'valence']",0.5497505211998467,2
"['energy', 'instrumentalness', 'nltk']",0.6481668843997771,2
"['Angry', 'instrumentalness', 'nltk']",0.7499264271962094,2
"['instrumentalness', 'liveness', 'speechiness']",0.581632974348246,3
"['liveness', 'nltk', 'tempo']",0.6365132969546015,2
"['acousticness', 'instrumentalness', 'speechiness']",0.6168546241011046,3
"['Happy', 'Surprise', 'nltk']",0.6386955750240876,2
"['loudness', 'nltk', 'speechiness']",0.7014312707324036,2
"['acousticness', 'instrumentalness', 'liveness']",0.519513822728137,2
"['Sad', 'danceability', 'nltk']",0.6100984882932022,2
"['Sad', 'acousticness', 'nltk']",0.5772920107837768,2
"['Happy', 'nltk', 'valence']",0.5559292089989393,2
"['instrumentalness', 'nltk', 'valence']",0.5945658855510518,2
"['energy', 'liveness', 'nltk']",0.6117962763525602,2
"['Angry', 'liveness', 'nltk']",0.6975382920996288,2
"['Angry', 'Fear', 'nltk']",0.6737904119861504,2
"['Fear', 'energy', 'nltk']",0.595578189842486,2
"['Happy', 'danceability', 'nltk']",0.6189663926811031,2
"['nltk', 'speechiness', 'tempo']",0.6780281609872627,2
"['danceability', 'instrumentalness', 'nltk']",0.6676777032551457,2
"['acousticness', 'nltk', 'valence']",0.515818306559932,2
"['Fear', 'nltk', 'speechiness']",0.6855233084589236,2
"['Angry', 'energy', 'nltk']",0.6383817407752284,2
"['Surprise', 'acousticness', 'nltk']",0.582386197049939,2
"['Sad', 'instrumentalness', 'nltk']",0.6835589157143076,2
"['Angry', 'acousticness', 'instrumentalness']",0.5913114120550713,3
"['instrumentalness', 'loudness', 'speechiness']",0.5123112191247392,4
"['energy', 'nltk', 'speechiness']",0.6479780683618352,2
"['Angry', 'nltk', 'speechiness']",0.7467982901411168,2
"['Fear', 'Sad', 'nltk']",0.6263125977967398,2
"['Happy', 'instrumentalness', 'nltk']",0.6965648971123889,2
"['acousticness', 'loudness', 'speechiness']",0.5246395949730454,2
"['Fear', 'nltk', 'tempo']",0.6182112764602599,2
"['Sad', 'liveness', 'nltk']",0.6428555327707103,2
"['Angry', 'loudness', 'nltk']",0.6893029254752076,2
"['danceability', 'nltk', 'valence']",0.5442915334587602,2
"['Angry', 'acousticness', 'speechiness']",0.5608911986503214,2
"['energy', 'nltk', 'tempo']",0.5898021884417716,2
"['Angry', 'nltk', 'tempo']",0.6647833254073693,2
"['Angry', 'instrumentalness', 'liveness']",0.5296080704061922,3
"['acousticness', 'energy', 'instrumentalness']",0.509425358489788,2
"['Sad', 'nltk', 'speechiness']",0.6826669299267788,2
"['liveness', 'nltk', 'valence']",0.5635487438190803,2
"['Happy', 'acousticness', 'instrumentalness']",0.5024078004322186,2
"['Angry', 'Sad', 'nltk']",0.671454527521132,2
"['acousticness', 'liveness', 'speechiness']",0.5186291411982618,2
"['Surprise', 'nltk', 'valence']",0.5538071327176559,2
"['danceability', 'nltk', 'speechiness']",0.6689273488241676,2
"['danceability', 'loudness', 'nltk']",0.6253115968219475,2
"['Surprise', 'danceability', 'nltk']",0.6158404333094254,2
"['acousticness', 'danceability', 'nltk']",0.5685615942955109,2
"['Fear', 'acousticness', 'nltk']",0.5786108919507302,2
"['Sad', 'loudness', 'nltk']",0.6370913389235722,2
"['Fear', 'Happy', 'nltk']",0.6345767589404856,2
"['Happy', 'nltk', 'speechiness']",0.6944824710644333,2
"['instrumentalness', 'nltk', 'speechiness']",0.7684835732218733,2
"['instrumentalness', 'loudness', 'nltk']",0.7024318401959866,2
"['nltk', 'speechiness', 'valence']",0.5946274455819806,2
"['danceability', 'liveness', 'nltk']",0.6291357833314155,2
"['acousticness', 'energy', 'speechiness']",0.5097046158364524,2
"['acousticness', 'nltk', 'speechiness']",0.6305839341103474,2
"['Sad', 'nltk', 'tempo']",0.6166196375435585,2
"['Fear', 'Surprise', 'nltk']",0.631351505589044,2
"['Surprise', 'loudness', 'nltk']",0.643759005777971,2
"['acousticness', 'loudness', 'nltk']",0.5954858100134196,2
"['loudness', 'nltk', 'valence']",0.5616068567294696,2
"['Happy', 'loudness', 'nltk']",0.6476490516402341,2
"['danceability', 'nltk', 'tempo']",0.607879853980209,2
